<?xml version="1.0" encoding="ISO-8859-1"?>

<fmiModelDescription fmiVersion="2.0" modelName="SineModel" guid="{21d9f232-b090-4c79-933f-33da939b5934}" description="How is it going?">
    
    <CoSimulation modelIdentifier="SineModel" canHandleVariableCommunicationStepSize="false" canGetAndSetFMUstate="true" canSerializeFMUstate="false" providesDirectionalDerivative="false" canInterpolateInputs="false">
    </CoSimulation>
    
    <UnitDefinitions>
        <Unit name="s"/>
        <Unit name="Hz"/>
        <Unit name="V"/>
    </UnitDefinitions>
    
    <DefaultExperiment startTime="0.0" stopTime="1.0" tolerance="0.0001" stepSize="0.01"/>
    
    <ModelVariables>
        <ScalarVariable name="frequency" valueReference="0" description="Frequency in Hz" causality="parameter" variability="fixed">
            <Real unit="Hz" start="20"/>
        </ScalarVariable>
        
        <ScalarVariable name="gain" valueReference="1" description="gain" causality="input" variability="continuous">
            <Real unit="V" start="1"/>
        </ScalarVariable>
        
        <ScalarVariable name="output" valueReference="2" description="output" causality="output" variability="continuous">
            <Real unit="V"/>
        </ScalarVariable>
        
        <ScalarVariable name="elapsed_time" valueReference="3" description="elapsed time" causality="independent" variability="continuous">
            <Real unit="s"/>
        </ScalarVariable>
        
    </ModelVariables>
    <ModelStructure>
        <Outputs>
            <Unknown index="3" dependencies=""/>
        </Outputs>
    </ModelStructure>
</fmiModelDescription>